{"cameraMode":{"drawMode":0,"name":"Shaded","section":"Shading Mode"},"sceneLighting":false,"audioPlay":false,"sceneViewState":{"m_AlwaysRefresh":false,"showFog":true,"showSkybox":false,"showFlares":true,"showImageEffects":true,"showParticleSystems":true,"showVisualEffectGraphs":true,"m_FxEnabled":true},"in2DMode":false,"pivot":{"x":-0.1639871597290039,"y":-0.4104280471801758,"z":-0.028635501861572267},"rotation":{"x":-0.19693946838378907,"y":0.027052326127886773,"z":-0.005437126383185387,"w":-0.980031430721283},"size":12.972003936767579,"orthographic":false}