{"cameraMode":{"drawMode":0,"name":"Shaded","section":"Shading Mode"},"sceneLighting":true,"audioPlay":false,"sceneViewState":{"m_AlwaysRefresh":false,"showFog":true,"showSkybox":true,"showFlares":true,"showImageEffects":true,"showParticleSystems":true,"showVisualEffectGraphs":true,"m_FxEnabled":true},"in2DMode":false,"pivot":{"x":5.029138088226318,"y":3.375417709350586,"z":9.559925079345704},"rotation":{"x":-0.06326823681592941,"y":0.005085740238428116,"z":-0.00032442554947920144,"w":-0.997990071773529},"size":19.092824935913087,"orthographic":false}