{"cameraMode":{"drawMode":0,"name":"Shaded","section":"Shading Mode"},"sceneLighting":true,"audioPlay":false,"sceneViewState":{"m_AlwaysRefresh":false,"showFog":true,"showSkybox":true,"showFlares":true,"showImageEffects":true,"showParticleSystems":true,"showVisualEffectGraphs":true,"m_FxEnabled":true},"in2DMode":false,"pivot":{"x":-8.697965621948243,"y":0.0679922103881836,"z":2.9423322677612306},"rotation":{"x":-0.1952158659696579,"y":-0.056753985583782199,"z":0.011316032148897648,"w":-0.9790549278259277},"size":8.061946868896485,"orthographic":false}